Timestamp,Timestamp (Seconds),Algorithm,Num Samples,Experiment Type,Type Value,Packet Num,Is Handshake Packet,Num Connections,Num Successful Connections,Total Bytes,QUIC Bytes,Layers,Long Packet Type,Frame,Frame Type,Long/Short,Round Trip Type,
2021-11-18 07:02:29.778090,1637218949.77809,dilithium2,10,corrupt,40%,3,True,1,0,1242,1200,ETH IP UDP QUIC,Initial,TLS Client Hello,NEW_TOKEN,long
2021-11-18 07:02:29.780131,1637218949.780131,dilithium2,10,corrupt,40%,4,True,1,0,1294,1252,ETH IP UDP QUIC,Initial,TLS Server Hello,NEW_TOKEN,long
2021-11-18 07:02:29.780613,1637218949.780613,dilithium2,10,corrupt,40%,5,True,1,0,1294,1252,ETH IP UDP QUIC,Handshake,,,long
2021-11-18 07:02:29.781647,1637218949.781647,dilithium2,10,corrupt,40%,6,True,1,0,1242,1200,ETH IP UDP QUIC,Initial,,,long
2021-11-18 07:02:29.781886,1637218949.781886,dilithium2,10,corrupt,40%,7,True,1,0,89,47,ETH IP UDP QUIC,Handshake,,,long
2021-11-18 07:02:29.782505,1637218949.782505,dilithium2,10,corrupt,40%,8,True,1,0,1294,1252,ETH IP UDP QUIC,Handshake,,,long
2021-11-18 07:02:29.782755,1637218949.782755,dilithium2,10,corrupt,40%,9,True,1,0,1294,1252,ETH IP UDP QUIC,Handshake,,,long
2021-11-18 07:02:29.782732,1637218949.782732,dilithium2,10,corrupt,40%,10,True,1,0,89,47,ETH IP UDP QUIC,Handshake,,,long
2021-11-18 07:02:29.782756,1637218949.782756,dilithium2,10,corrupt,40%,11,True,1,0,1294,1252,ETH IP UDP QUIC,Handshake,,,long
2021-11-18 07:02:29.783167,1637218949.783167,dilithium2,10,corrupt,40%,12,True,1,0,89,47,ETH IP UDP QUIC,Handshake,,,long
2021-11-18 07:02:29.783265,1637218949.783265,dilithium2,10,corrupt,40%,13,True,1,0,1294,1252,ETH IP UDP QUIC,Handshake,,,long
2021-11-18 07:02:29.783526,1637218949.783526,dilithium2,10,corrupt,40%,14,True,1,0,613,524 47,ETH IP UDP QUIC QUIC,Handshake Handshake,,,long long
2021-11-18 07:02:29.783572,1637218949.783572,dilithium2,10,corrupt,40%,15,True,1,0,89,47,ETH IP UDP QUIC,Handshake,,,long
2021-11-18 07:02:29.784111,1637218949.784111,dilithium2,10,corrupt,40%,16,True,1,0,91,49,ETH IP UDP QUIC,Handshake,,,long
2021-11-18 07:02:29.784090,1637218949.78409,dilithium2,10,corrupt,40%,17,False,1,0,378,89 247,ETH IP UDP QUIC QUIC,Handshake,,,long short
2021-11-18 07:02:29.784744,1637218949.784744,dilithium2,10,corrupt,40%,18,False,1,0,581,539,ETH IP UDP QUIC,,,,short
2021-11-18 07:02:29.785178,1637218949.785178,dilithium2,10,corrupt,40%,19,False,1,0,217,49 126,ETH IP UDP QUIC QUIC,Handshake,,,long short
2021-11-18 07:02:29.787364,1637218949.787364,dilithium2,10,corrupt,40%,20,False,1,0,83,41,ETH IP UDP QUIC,,,,short
2021-11-18 07:02:29.787424,1637218949.787424,dilithium2,10,corrupt,40%,21,False,1,0,72,30,ETH IP UDP QUIC,,,,short
2021-11-18 07:02:30.814538,1637218950.814538,dilithium2,10,corrupt,40%,24,True,2,1,1242,1200,ETH IP UDP QUIC,Initial,TLS Client Hello,NEW_TOKEN,long
2021-11-18 07:02:30.816125,1637218950.816125,dilithium2,10,corrupt,40%,25,True,2,1,1294,1252,ETH IP UDP QUIC,Initial,TLS Server Hello,NEW_TOKEN,long
2021-11-18 07:02:30.816377,1637218950.816377,dilithium2,10,corrupt,40%,26,True,2,1,1294,1252,ETH IP UDP QUIC,Handshake,,,long
2021-11-18 07:02:30.816823,1637218950.816823,dilithium2,10,corrupt,40%,27,True,2,1,1242,1200,ETH IP UDP QUIC,Initial,ACK,ACK,long
2021-11-18 07:02:30.817077,1637218950.817077,dilithium2,10,corrupt,40%,28,True,2,1,89,47,ETH IP UDP QUIC,Handshake,,,long
2021-11-18 07:02:30.819997,1637218950.819997,dilithium2,10,corrupt,40%,29,True,2,1,1294,1252,ETH IP UDP QUIC,Handshake,,,long
2021-11-18 07:02:30.819998,1637218950.819998,dilithium2,10,corrupt,40%,30,True,2,1,1294,1252,ETH IP UDP QUIC,Handshake,,,long
2021-11-18 07:02:30.819998,1637218950.819998,dilithium2,10,corrupt,40%,31,True,2,1,1294,1252,ETH IP UDP QUIC,Handshake,,,long
2021-11-18 07:02:30.819999,1637218950.819999,dilithium2,10,corrupt,40%,32,True,2,1,1294,1252,ETH IP UDP QUIC,Handshake,,,long
2021-11-18 07:02:30.819999,1637218950.819999,dilithium2,10,corrupt,40%,33,True,2,1,666,527 49 48,ETH IP UDP QUIC QUIC QUIC,Handshake Initial Initial,ACK ACK,ACK ACK,long long long
2021-11-18 07:02:30.819999,1637218950.819999,dilithium2,10,corrupt,40%,34,True,2,1,89,47,ETH IP UDP QUIC,Handshake,,,long
2021-11-18 07:02:30.821084,1637218950.821084,dilithium2,10,corrupt,40%,35,False,2,1,378,89 247,ETH IP UDP QUIC QUIC,Handshake,,,long short
2021-11-18 07:02:30.822254,1637218950.822254,dilithium2,10,corrupt,40%,36,False,2,1,581,539,ETH IP UDP QUIC,,,,short
2021-11-18 07:02:30.822254,1637218950.822254,dilithium2,10,corrupt,40%,37,False,2,1,215,47 126,ETH IP UDP QUIC QUIC,Handshake,,,long short
2021-11-18 07:02:30.822474,1637218950.822474,dilithium2,10,corrupt,40%,38,False,2,1,83,41,ETH IP UDP QUIC,,,,short
2021-11-18 07:02:30.822523,1637218950.822523,dilithium2,10,corrupt,40%,39,False,2,1,72,30,ETH IP UDP QUIC,,,,short
2021-11-18 07:02:30.827630,1637218950.82763,dilithium2,10,corrupt,40%,40,False,2,1,75,33,ETH IP UDP QUIC,,,,short
2021-11-18 07:02:31.865032,1637218951.865032,dilithium2,10,corrupt,40%,43,True,3,2,1242,1200,ETH IP UDP QUIC,Initial,TLS Client Hello,NEW_TOKEN,long
2021-11-18 07:02:31.866527,1637218951.866527,dilithium2,10,corrupt,40%,44,True,3,2,1294,1252,ETH IP UDP QUIC,Initial,TLS Server Hello,NEW_TOKEN,long
2021-11-18 07:02:31.866852,1637218951.866852,dilithium2,10,corrupt,40%,45,True,3,2,1294,1252,ETH IP UDP QUIC,Handshake,,,long
2021-11-18 07:02:31.867121,1637218951.867121,dilithium2,10,corrupt,40%,46,True,3,2,1242,1200,ETH IP UDP QUIC,Initial,ACK,ACK,long
2021-11-18 07:02:31.867361,1637218951.867361,dilithium2,10,corrupt,40%,47,True,3,2,89,47,ETH IP UDP QUIC,Handshake,,,long
2021-11-18 07:02:31.867838,1637218951.867838,dilithium2,10,corrupt,40%,48,True,3,2,1294,1252,ETH IP UDP QUIC,Handshake,,,long
2021-11-18 07:02:31.868086,1637218951.868086,dilithium2,10,corrupt,40%,49,True,3,2,1294,1252,ETH IP UDP QUIC,Handshake,,,long
2021-11-18 07:02:31.868076,1637218951.868076,dilithium2,10,corrupt,40%,50,True,3,2,89,47,ETH IP UDP QUIC,Handshake,,,long
2021-11-18 07:02:31.868363,1637218951.868363,dilithium2,10,corrupt,40%,51,True,3,2,1294,1252,ETH IP UDP QUIC,Handshake,,,long
2021-11-18 07:02:31.868652,1637218951.868652,dilithium2,10,corrupt,40%,52,True,3,2,89,47,ETH IP UDP QUIC,Handshake,,,long
2021-11-18 07:02:31.868730,1637218951.86873,dilithium2,10,corrupt,40%,53,True,3,2,1294,1252,ETH IP UDP QUIC,Handshake,,,long
2021-11-18 07:02:31.870398,1637218951.870398,dilithium2,10,corrupt,40%,54,True,3,2,662,523 49 48,ETH IP UDP QUIC QUIC QUIC,Handshake Initial Initial,ACK ACK,ACK ACK,long long long
2021-11-18 07:02:31.870400,1637218951.8704,dilithium2,10,corrupt,40%,55,True,3,2,91,49,ETH IP UDP QUIC,Handshake,,,long
2021-11-18 07:02:31.870392,1637218951.870392,dilithium2,10,corrupt,40%,56,True,3,2,89,47,ETH IP UDP QUIC,Handshake,,,long
2021-11-18 07:02:31.870871,1637218951.870871,dilithium2,10,corrupt,40%,57,False,3,2,378,89 247,ETH IP UDP QUIC QUIC,Handshake,,,long short
2021-11-18 07:02:31.870908,1637218951.870908,dilithium2,10,corrupt,40%,58,True,3,2,91,49,ETH IP UDP QUIC,Handshake,,,long
2021-11-18 07:02:31.870945,1637218951.870945,dilithium2,10,corrupt,40%,59,True,3,2,92,50,ETH IP UDP QUIC,Handshake,,,long
2021-11-18 07:02:31.871552,1637218951.871552,dilithium2,10,corrupt,40%,60,True,3,2,93,51,ETH IP UDP QUIC,Handshake,,,long
2021-11-18 07:02:31.871676,1637218951.871676,dilithium2,10,corrupt,40%,61,True,3,2,172,48 82,ETH IP UDP QUIC QUIC,Handshake Handshake,,,long long
2021-11-18 07:02:31.882976,1637218951.882976,dilithium2,10,corrupt,40%,62,False,3,,77,35,ETH IP UDP QUIC,,,,short
2021-11-18 07:02:31.883032,1637218951.883032,dilithium2,10,corrupt,40%,63,False,3,2,289,247,ETH IP UDP QUIC,,,,short
2021-11-18 07:02:31.886179,1637218951.886179,dilithium2,10,corrupt,40%,64,True,3,2,124,82,ETH IP UDP QUIC,Handshake,,,long
2021-11-18 07:02:31.886813,1637218951.886813,dilithium2,10,corrupt,40%,65,False,3,2,581,539,ETH IP UDP QUIC,,,,short
2021-11-18 07:02:31.887076,1637218951.887076,dilithium2,10,corrupt,40%,66,False,3,2,166,53 71,ETH IP UDP QUIC QUIC,Handshake,,,long short
2021-11-18 07:02:31.887247,1637218951.887247,dilithium2,10,corrupt,40%,67,False,3,2,82,40,ETH IP UDP QUIC,,,,short
2021-11-18 07:02:31.891630,1637218951.89163,dilithium2,10,corrupt,40%,68,False,3,2,75,33,ETH IP UDP QUIC,,,,short
2021-11-18 07:02:31.891749,1637218951.891749,dilithium2,10,corrupt,40%,69,False,3,2,77,35,ETH IP UDP QUIC,,,,short
2021-11-18 07:02:31.891807,1637218951.891807,dilithium2,10,corrupt,40%,70,False,3,2,289,247,ETH IP UDP QUIC,,,,short
2021-11-18 07:02:31.892368,1637218951.892368,dilithium2,10,corrupt,40%,71,False,3,2,124,82,ETH IP UDP QUIC,,,,short
2021-11-18 07:02:31.892577,1637218951.892577,dilithium2,10,corrupt,40%,72,False,3,2,74,32,ETH IP UDP QUIC,,,,short
2021-11-18 07:02:31.892710,1637218951.89271,dilithium2,10,corrupt,40%,73,False,3,2,72,30,ETH IP UDP QUIC,,,,short
2021-11-18 07:02:32.326531,1637218952.326531,dilithium2,10,corrupt,40%,74,False,3,1,97,55,ETH IP UDP QUIC,,,,short
2021-11-18 07:02:32.337024,1637218952.337024,dilithium2,10,corrupt,40%,75,False,3,1,97,55,ETH IP UDP QUIC,,,,short
2021-11-18 07:02:32.353009,1637218952.353009,dilithium2,10,corrupt,40%,76,False,3,1,97,55,ETH IP UDP QUIC,,,,short
2021-11-18 07:02:32.554315,1637218952.554315,dilithium2,10,corrupt,40%,77,False,3,1,77,35,ETH IP UDP QUIC,,,,short
2021-11-18 07:02:32.554874,1637218952.554874,dilithium2,10,corrupt,40%,78,False,3,1,97,55,ETH IP UDP QUIC,,,,short
2021-11-18 07:02:32.929910,1637218952.92991,dilithium2,10,corrupt,40%,81,True,4,3,1242,1200,ETH IP UDP QUIC,Initial,TLS Client Hello,NEW_TOKEN,long
2021-11-18 07:02:32.931587,1637218952.931587,dilithium2,10,corrupt,40%,82,True,4,3,1294,1252,ETH IP UDP QUIC,Initial,TLS Server Hello,NEW_TOKEN,long
2021-11-18 07:02:32.931840,1637218952.93184,dilithium2,10,corrupt,40%,83,True,4,3,1294,1252,ETH IP UDP QUIC,Handshake,,,long
2021-11-18 07:02:32.932184,1637218952.932184,dilithium2,10,corrupt,40%,84,True,4,3,1242,1200,ETH IP UDP QUIC,Initial,,,long
2021-11-18 07:02:32.932425,1637218952.932425,dilithium2,10,corrupt,40%,85,True,4,3,89,47,ETH IP UDP QUIC,Handshake,,,long
2021-11-18 07:02:32.958326,1637218952.958326,dilithium2,10,corrupt,40%,86,False,4,1,77,35,ETH IP UDP QUIC,,,,short
2021-11-18 07:02:32.958327,1637218952.958327,dilithium2,10,corrupt,40%,87,False,4,1,97,55,ETH IP UDP QUIC,,,,short
2021-11-18 07:02:33.333184,1637218953.333184,dilithium2,10,corrupt,40%,88,False,4,1,97,55,ETH IP UDP QUIC,,,,short
2021-11-18 07:02:33.756520,1637218953.75652,dilithium2,10,corrupt,40%,89,False,4,1,77,35,ETH IP UDP QUIC,,,,short
2021-11-18 07:02:33.756754,1637218953.756754,dilithium2,10,corrupt,40%,90,False,4,1,97,55,ETH IP UDP QUIC,,,,short
2021-11-18 07:02:34.629634,1637218954.629634,dilithium2,10,corrupt,40%,91,False,4,1,97,55,ETH IP UDP QUIC,,,,short
2021-11-18 07:02:35.362466,1637218955.362466,dilithium2,10,corrupt,40%,92,False,4,1,77,35,ETH IP UDP QUIC,,,,short
2021-11-18 07:02:35.362779,1637218955.362779,dilithium2,10,corrupt,40%,93,False,4,1,97,55,ETH IP UDP QUIC,,,,short
2021-11-18 07:02:35.363213,1637218955.363213,dilithium2,10,corrupt,40%,94,False,4,1,97,55,ETH IP UDP QUIC,,,,short
2021-11-18 07:02:38.565710,1637218958.56571,dilithium2,10,corrupt,40%,95,False,4,1,77,35,ETH IP UDP QUIC,,,,short
2021-11-18 07:02:38.566571,1637218958.566571,dilithium2,10,corrupt,40%,96,False,4,1,97,55,ETH IP UDP QUIC,,,,short
2021-11-18 07:02:38.566815,1637218958.566815,dilithium2,10,corrupt,40%,97,False,4,1,97,55,ETH IP UDP QUIC,,,,short
2021-11-18 07:02:43.980160,1637218963.98016,dilithium2,10,corrupt,40%,100,True,5,4,1242,1200,ETH IP UDP QUIC,Initial,TLS Client Hello,NEW_TOKEN,long
2021-11-18 07:02:43.982574,1637218963.982574,dilithium2,10,corrupt,40%,101,True,5,4,1294,1252,ETH IP UDP QUIC,Initial,TLS Server Hello,NEW_TOKEN,long
2021-11-18 07:02:43.982828,1637218963.982828,dilithium2,10,corrupt,40%,102,True,5,4,1294,1252,ETH IP UDP QUIC,Handshake,,,long
2021-11-18 07:02:43.983158,1637218963.983158,dilithium2,10,corrupt,40%,103,True,5,4,1242,1200,ETH IP UDP QUIC,Initial,ACK,ACK,long
2021-11-18 07:02:43.983396,1637218963.983396,dilithium2,10,corrupt,40%,104,True,5,4,89,47,ETH IP UDP QUIC,Handshake,,,long
2021-11-18 07:02:43.984087,1637218963.984087,dilithium2,10,corrupt,40%,105,True,5,4,1294,1252,ETH IP UDP QUIC,Handshake,,,long
2021-11-18 07:02:43.984088,1637218963.984088,dilithium2,10,corrupt,40%,106,True,5,4,1294,1252,ETH IP UDP QUIC,Handshake,,,long
2021-11-18 07:02:43.984331,1637218963.984331,dilithium2,10,corrupt,40%,107,True,5,4,1294,1252,ETH IP UDP QUIC,Handshake,,,long
2021-11-18 07:02:43.984405,1637218963.984405,dilithium2,10,corrupt,40%,108,True,5,4,89,47,ETH IP UDP QUIC,Handshake,,,long
2021-11-18 07:02:43.984535,1637218963.984535,dilithium2,10,corrupt,40%,109,True,5,4,1294,1252,ETH IP UDP QUIC,Handshake,,,long
2021-11-18 07:02:43.984698,1637218963.984698,dilithium2,10,corrupt,40%,110,True,5,4,89,47,ETH IP UDP QUIC,Handshake,,,long
2021-11-18 07:02:43.984912,1637218963.984912,dilithium2,10,corrupt,40%,111,True,5,4,89,47,ETH IP UDP QUIC,Handshake,,,long
2021-11-18 07:02:43.985847,1637218963.985847,dilithium2,10,corrupt,40%,112,True,5,4,658,519 49 48,ETH IP UDP QUIC QUIC QUIC,Handshake Initial Initial,ACK ACK,ACK ACK,long long long
2021-11-18 07:02:43.985850,1637218963.98585,dilithium2,10,corrupt,40%,113,True,5,4,89,47,ETH IP UDP QUIC,Handshake,,,long
2021-11-18 07:02:43.986923,1637218963.986923,dilithium2,10,corrupt,40%,114,False,5,4,378,89 247,ETH IP UDP QUIC QUIC,Handshake,,,long short
2021-11-18 07:02:43.987648,1637218963.987648,dilithium2,10,corrupt,40%,115,False,5,4,581,539,ETH IP UDP QUIC,,,,short
2021-11-18 07:02:43.987894,1637218963.987894,dilithium2,10,corrupt,40%,116,False,5,4,215,47 126,ETH IP UDP QUIC QUIC,Handshake,,,long short
2021-11-18 07:02:43.988121,1637218963.988121,dilithium2,10,corrupt,40%,117,False,5,4,83,41,ETH IP UDP QUIC,,,,short
2021-11-18 07:02:43.988178,1637218963.988178,dilithium2,10,corrupt,40%,118,False,5,4,72,30,ETH IP UDP QUIC,,,,short
2021-11-18 07:02:44.966900,1637218964.9669,dilithium2,10,corrupt,40%,119,False,5,1,77,35,ETH IP UDP QUIC,,,,short
2021-11-18 07:02:44.967226,1637218964.967226,dilithium2,10,corrupt,40%,120,False,5,1,97,55,ETH IP UDP QUIC,,,,short
2021-11-18 07:02:44.971636,1637218964.971636,dilithium2,10,corrupt,40%,121,False,5,1,97,55,ETH IP UDP QUIC,,,,short
2021-11-18 07:02:45.016801,1637218965.016801,dilithium2,10,corrupt,40%,124,True,6,5,1242,1200,ETH IP UDP QUIC,Initial,TLS Client Hello,NEW_TOKEN,long
2021-11-18 07:02:45.019128,1637218965.019128,dilithium2,10,corrupt,40%,125,True,6,5,1294,1252,ETH IP UDP QUIC,Initial,TLS Server Hello,NEW_TOKEN,long
2021-11-18 07:02:45.019130,1637218965.01913,dilithium2,10,corrupt,40%,126,True,6,5,1294,1252,ETH IP UDP QUIC,Handshake,,,long
2021-11-18 07:02:45.019897,1637218965.019897,dilithium2,10,corrupt,40%,127,True,6,5,1242,1153 47,ETH IP UDP QUIC QUIC,Initial Handshake,ACK,ACK,long long
2021-11-18 07:02:45.020488,1637218965.020488,dilithium2,10,corrupt,40%,128,True,6,5,1294,1252,ETH IP UDP QUIC,Handshake,,,long
2021-11-18 07:02:45.023246,1637218965.023246,dilithium2,10,corrupt,40%,129,True,6,5,1294,1252,ETH IP UDP QUIC,Handshake,,,long
2021-11-18 07:02:45.023247,1637218965.023247,dilithium2,10,corrupt,40%,130,True,6,5,1294,1252,ETH IP UDP QUIC,Handshake,,,long
2021-11-18 07:02:45.023247,1637218965.023247,dilithium2,10,corrupt,40%,131,True,6,5,1294,1252,ETH IP UDP QUIC,Handshake,,,long
2021-11-18 07:02:45.023247,1637218965.023247,dilithium2,10,corrupt,40%,132,True,6,5,618,529 47,ETH IP UDP QUIC QUIC,Handshake Handshake,,,long long
2021-11-18 07:02:45.023291,1637218965.023291,dilithium2,10,corrupt,40%,133,True,6,5,89,47,ETH IP UDP QUIC,Handshake,,,long
2021-11-18 07:02:45.024182,1637218965.024182,dilithium2,10,corrupt,40%,134,False,6,5,378,89 247,ETH IP UDP QUIC QUIC,Handshake,,,long short
2021-11-18 07:02:45.024769,1637218965.024769,dilithium2,10,corrupt,40%,135,False,6,5,581,539,ETH IP UDP QUIC,,,,short
2021-11-18 07:02:45.027163,1637218965.027163,dilithium2,10,corrupt,40%,136,False,6,5,217,49 126,ETH IP UDP QUIC QUIC,Handshake,,,long short
2021-11-18 07:02:45.027398,1637218965.027398,dilithium2,10,corrupt,40%,137,False,6,5,83,41,ETH IP UDP QUIC,,,,short
2021-11-18 07:02:45.031606,1637218965.031606,dilithium2,10,corrupt,40%,138,False,6,5,75,33,ETH IP UDP QUIC,,,,short
2021-11-18 07:02:46.062831,1637218966.062831,dilithium2,10,corrupt,40%,141,True,7,6,1242,1200,ETH IP UDP QUIC,Initial,TLS Client Hello,NEW_TOKEN,long
2021-11-18 07:02:46.064392,1637218966.064392,dilithium2,10,corrupt,40%,142,True,7,6,1294,1252,ETH IP UDP QUIC,Initial,TLS Server Hello,NEW_TOKEN,long
2021-11-18 07:02:46.064574,1637218966.064574,dilithium2,10,corrupt,40%,143,True,7,6,1294,1252,ETH IP UDP QUIC,Handshake,,,long
2021-11-18 07:02:46.065161,1637218966.065161,dilithium2,10,corrupt,40%,144,True,7,6,1242,1153 47,ETH IP UDP QUIC QUIC,Initial Handshake,ACK,ACK,long long
2021-11-18 07:02:46.067391,1637218966.067391,dilithium2,10,corrupt,40%,145,True,7,6,1294,1252,ETH IP UDP QUIC,Handshake,,,long
2021-11-18 07:02:46.067392,1637218966.067392,dilithium2,10,corrupt,40%,146,True,7,6,1294,1252,ETH IP UDP QUIC,Handshake,,,long
2021-11-18 07:02:46.067392,1637218966.067392,dilithium2,10,corrupt,40%,147,True,7,6,1294,1252,ETH IP UDP QUIC,Handshake,,,long
2021-11-18 07:02:46.067392,1637218966.067392,dilithium2,10,corrupt,40%,148,True,7,6,1294,1252,ETH IP UDP QUIC,Handshake,,,long
2021-11-18 07:02:46.067392,1637218966.067392,dilithium2,10,corrupt,40%,149,True,7,6,615,526 47,ETH IP UDP QUIC QUIC,Handshake Handshake,,,long long
2021-11-18 07:02:46.068584,1637218966.068584,dilithium2,10,corrupt,40%,150,False,7,6,378,89 247,ETH IP UDP QUIC QUIC,Handshake,,,long short
2021-11-18 07:02:46.078805,1637218966.078805,dilithium2,10,corrupt,40%,151,True,7,6,1294,1252,ETH IP UDP QUIC,Handshake,,,long
2021-11-18 07:02:46.079091,1637218966.079091,dilithium2,10,corrupt,40%,152,True,7,6,1294,1252,ETH IP UDP QUIC,Handshake,,,long
2021-11-18 07:02:46.079092,1637218966.079092,dilithium2,10,corrupt,40%,153,True,7,6,1294,1252,ETH IP UDP QUIC,Handshake,,,long
2021-11-18 07:02:46.079291,1637218966.079291,dilithium2,10,corrupt,40%,154,True,7,6,1294,1252,ETH IP UDP QUIC,Handshake,,,long
2021-11-18 07:02:46.079493,1637218966.079493,dilithium2,10,corrupt,40%,155,True,7,6,568,526,ETH IP UDP QUIC,Handshake,,,long
2021-11-18 07:02:46.079738,1637218966.079738,dilithium2,10,corrupt,40%,156,False,7,6,77,35,ETH IP UDP QUIC,,,,short
2021-11-18 07:02:46.079921,1637218966.079921,dilithium2,10,corrupt,40%,157,False,7,6,289,247,ETH IP UDP QUIC,,,,short
2021-11-18 07:02:46.080129,1637218966.080129,dilithium2,10,corrupt,40%,158,True,7,6,92,50,ETH IP UDP QUIC,Handshake,,,long
2021-11-18 07:02:46.091409,1637218966.091409,dilithium2,10,corrupt,40%,159,False,7,6,289,247,ETH IP UDP QUIC,,,,short
2021-11-18 07:02:46.099329,1637218966.099329,dilithium2,10,corrupt,40%,160,True,7,6,1294,1252,ETH IP UDP QUIC,Handshake,,,long
2021-11-18 07:02:46.099616,1637218966.099616,dilithium2,10,corrupt,40%,161,True,7,6,1294,1252,ETH IP UDP QUIC,Handshake,,,long
2021-11-18 07:02:46.099616,1637218966.099616,dilithium2,10,corrupt,40%,162,True,7,6,1294,1252,ETH IP UDP QUIC,Handshake,,,long
2021-11-18 07:02:46.099897,1637218966.099897,dilithium2,10,corrupt,40%,163,True,7,6,1294,1252,ETH IP UDP QUIC,Handshake,,,long
2021-11-18 07:02:46.100079,1637218966.100079,dilithium2,10,corrupt,40%,164,True,7,6,568,526,ETH IP UDP QUIC,Handshake,,,long
2021-11-18 07:02:46.100364,1637218966.100364,dilithium2,10,corrupt,40%,165,True,7,6,92,50,ETH IP UDP QUIC,Handshake,,,long
2021-11-18 07:02:46.100831,1637218966.100831,dilithium2,10,corrupt,40%,166,True,7,6,91,49,ETH IP UDP QUIC,Handshake,,,long
2021-11-18 07:02:46.100942,1637218966.100942,dilithium2,10,corrupt,40%,167,True,7,6,124,82,ETH IP UDP QUIC,Handshake,,,long
2021-11-18 07:02:46.117925,1637218966.117925,dilithium2,10,corrupt,40%,168,True,7,6,124,82,ETH IP UDP QUIC,Handshake,,,long
2021-11-18 07:02:46.118673,1637218966.118673,dilithium2,10,corrupt,40%,169,False,7,6,581,539,ETH IP UDP QUIC,,,,short
2021-11-18 07:02:46.118913,1637218966.118913,dilithium2,10,corrupt,40%,170,False,7,6,164,51 71,ETH IP UDP QUIC QUIC,Handshake,,,long short
2021-11-18 07:02:46.119031,1637218966.119031,dilithium2,10,corrupt,40%,171,False,7,6,82,40,ETH IP UDP QUIC,,,,short
2021-11-18 07:02:46.123003,1637218966.123003,dilithium2,10,corrupt,40%,172,False,7,6,75,33,ETH IP UDP QUIC,,,,short
2021-11-18 07:02:46.123126,1637218966.123126,dilithium2,10,corrupt,40%,173,False,7,6,77,35,ETH IP UDP QUIC,,,,short
2021-11-18 07:02:46.123335,1637218966.123335,dilithium2,10,corrupt,40%,174,False,7,6,289,247,ETH IP UDP QUIC,,,,short
2021-11-18 07:02:46.127890,1637218966.12789,dilithium2,10,corrupt,40%,175,False,7,6,75,33,ETH IP UDP QUIC,,,,short
2021-11-18 07:02:46.158360,1637218966.15836,dilithium2,10,corrupt,40%,176,False,7,6,289,247,ETH IP UDP QUIC,,,,short
2021-11-18 07:02:46.158922,1637218966.158922,dilithium2,10,corrupt,40%,177,False,7,6,126,84,ETH IP UDP QUIC,,,,short
2021-11-18 07:02:46.159112,1637218966.159112,dilithium2,10,corrupt,40%,178,False,7,6,74,32,ETH IP UDP QUIC,,,,short
2021-11-18 07:02:46.159318,1637218966.159318,dilithium2,10,corrupt,40%,179,False,7,6,72,30,ETH IP UDP QUIC,,,,short
2021-11-18 07:02:46.174258,1637218966.174258,dilithium2,10,corrupt,40%,180,False,7,6,77,35,ETH IP UDP QUIC,,,,short
2021-11-18 07:02:46.174259,1637218966.174259,dilithium2,10,corrupt,40%,181,False,7,6,119,77,ETH IP UDP QUIC,,,,short
2021-11-18 07:02:46.183472,1637218966.183472,dilithium2,10,corrupt,40%,182,False,7,6,119,77,ETH IP UDP QUIC,,,,short
2021-11-18 07:02:46.389350,1637218966.38935,dilithium2,10,corrupt,40%,183,False,7,6,79,37,ETH IP UDP QUIC,,,,short
2021-11-18 07:02:46.389582,1637218966.389582,dilithium2,10,corrupt,40%,184,False,7,6,119,77,ETH IP UDP QUIC,,,,short
2021-11-18 07:02:46.534567,1637218966.534567,dilithium2,10,corrupt,40%,185,False,7,5,97,55,ETH IP UDP QUIC,,,,short
2021-11-18 07:02:46.546497,1637218966.546497,dilithium2,10,corrupt,40%,186,False,7,5,78,36,ETH IP UDP QUIC,,,,short
2021-11-18 07:02:46.546699,1637218966.546699,dilithium2,10,corrupt,40%,187,False,7,5,97,55,ETH IP UDP QUIC,,,,short
2021-11-18 07:02:46.561563,1637218966.561563,dilithium2,10,corrupt,40%,188,False,7,5,97,55,ETH IP UDP QUIC,,,,short
2021-11-18 07:02:46.763098,1637218966.763098,dilithium2,10,corrupt,40%,189,False,7,5,77,35,ETH IP UDP QUIC,,,,short
2021-11-18 07:02:46.763301,1637218966.763301,dilithium2,10,corrupt,40%,190,False,7,5,78,36,ETH IP UDP QUIC,,,,short
2021-11-18 07:02:46.763498,1637218966.763498,dilithium2,10,corrupt,40%,191,False,7,5,97,55,ETH IP UDP QUIC,,,,short
2021-11-18 07:02:46.796420,1637218966.79642,dilithium2,10,corrupt,40%,192,False,7,6,79,37,ETH IP UDP QUIC,,,,short
2021-11-18 07:02:46.796421,1637218966.796421,dilithium2,10,corrupt,40%,193,False,7,6,1514,1472,ETH IP UDP QUIC,,,,short
2021-11-18 07:02:46.796650,1637218966.79665,dilithium2,10,corrupt,40%,194,False,7,6,119,77,ETH IP UDP QUIC,,,,short
2021-11-18 07:02:47.164030,1637218967.16403,dilithium2,10,corrupt,40%,195,False,7,5,77,35,ETH IP UDP QUIC,,,,short
2021-11-18 07:02:47.164313,1637218967.164313,dilithium2,10,corrupt,40%,196,False,7,5,78,36,ETH IP UDP QUIC,,,,short
2021-11-18 07:02:47.164696,1637218967.164696,dilithium2,10,corrupt,40%,197,False,7,5,97,55,ETH IP UDP QUIC,,,,short
2021-11-18 07:02:47.204716,1637218967.204716,dilithium2,10,corrupt,40%,200,True,8,7,1242,1200,ETH IP UDP QUIC,Initial,TLS Client Hello,NEW_TOKEN,long
2021-11-18 07:02:47.206928,1637218967.206928,dilithium2,10,corrupt,40%,201,True,8,7,1294,1252,ETH IP UDP QUIC,Initial,TLS Server Hello,NEW_TOKEN,long
2021-11-18 07:02:47.207258,1637218967.207258,dilithium2,10,corrupt,40%,202,True,8,7,1294,1252,ETH IP UDP QUIC,Handshake,,,long
2021-11-18 07:02:47.207500,1637218967.2075,dilithium2,10,corrupt,40%,203,True,8,7,1242,1200,ETH IP UDP QUIC,Initial,,,long
2021-11-18 07:02:47.207755,1637218967.207755,dilithium2,10,corrupt,40%,204,True,8,7,89,47,ETH IP UDP QUIC,Handshake,,,long
2021-11-18 07:02:47.597309,1637218967.597309,dilithium2,10,corrupt,40%,205,False,8,6,79,37,ETH IP UDP QUIC,,,,short
2021-11-18 07:02:47.597551,1637218967.597551,dilithium2,10,corrupt,40%,206,False,8,6,119,77,ETH IP UDP QUIC,,,,short
2021-11-18 07:02:47.622698,1637218967.622698,dilithium2,10,corrupt,40%,207,False,8,6,97,55,ETH IP UDP QUIC,,,,short
2021-11-18 07:02:47.970404,1637218967.970404,dilithium2,10,corrupt,40%,208,False,8,5,77,35,ETH IP UDP QUIC,,,,short
2021-11-18 07:02:47.970711,1637218967.970711,dilithium2,10,corrupt,40%,209,False,8,5,97,55,ETH IP UDP QUIC,,,,short
2021-11-18 07:02:47.975940,1637218967.97594,dilithium2,10,corrupt,40%,210,False,8,5,97,55,ETH IP UDP QUIC,,,,short
2021-11-18 07:02:49.201385,1637218969.201385,dilithium2,10,corrupt,40%,211,False,8,6,79,37,ETH IP UDP QUIC,,,,short
2021-11-18 07:02:49.201386,1637218969.201386,dilithium2,10,corrupt,40%,212,False,8,6,1514,1472,ETH IP UDP QUIC,,,,short
2021-11-18 07:02:49.207862,1637218969.207862,dilithium2,10,corrupt,40%,213,False,8,6,125,83,ETH IP UDP QUIC,,,,short
2021-11-18 07:02:49.572943,1637218969.572943,dilithium2,10,corrupt,40%,214,False,8,5,77,35,ETH IP UDP QUIC,,,,short
2021-11-18 07:02:49.573153,1637218969.573153,dilithium2,10,corrupt,40%,215,False,8,5,78,36,ETH IP UDP QUIC,,,,short
2021-11-18 07:02:49.573346,1637218969.573346,dilithium2,10,corrupt,40%,216,False,8,5,97,55,ETH IP UDP QUIC,,,,short
2021-11-18 07:02:52.403512,1637218972.403512,dilithium2,10,corrupt,40%,217,False,8,6,79,37,ETH IP UDP QUIC,,,,short
2021-11-18 07:02:52.403820,1637218972.40382,dilithium2,10,corrupt,40%,218,False,8,6,1514,1472,ETH IP UDP QUIC,,,,short
2021-11-18 07:02:52.408207,1637218972.408207,dilithium2,10,corrupt,40%,219,False,8,6,153,111,ETH IP UDP QUIC,,,,short
2021-11-18 07:02:52.773820,1637218972.77382,dilithium2,10,corrupt,40%,220,False,8,5,77,35,ETH IP UDP QUIC,,,,short
2021-11-18 07:02:52.774030,1637218972.77403,dilithium2,10,corrupt,40%,221,False,8,5,97,55,ETH IP UDP QUIC,,,,short
2021-11-18 07:02:52.774031,1637218972.774031,dilithium2,10,corrupt,40%,222,False,8,5,97,55,ETH IP UDP QUIC,,,,short
2021-11-18 07:02:57.769293,1637218977.769293,dilithium2,10,corrupt,40%,223,False,8,1,77,35,ETH IP UDP QUIC,,,,short
2021-11-18 07:02:57.769602,1637218977.769602,dilithium2,10,corrupt,40%,224,False,8,1,1514,1472,ETH IP UDP QUIC,,,,short
2021-11-18 07:02:57.770427,1637218977.770427,dilithium2,10,corrupt,40%,225,False,8,1,97,55,ETH IP UDP QUIC,,,,short
2021-11-18 07:02:58.265220,1637218978.26522,dilithium2,10,corrupt,40%,228,True,9,8,1242,1200,ETH IP UDP QUIC,Initial,,,long
2021-11-18 07:02:58.416702,1637218978.416702,dilithium2,10,corrupt,40%,229,True,9,9,1242,1200,ETH IP UDP QUIC,Initial,TLS Client Hello,NEW_TOKEN,long
2021-11-18 07:02:58.418263,1637218978.418263,dilithium2,10,corrupt,40%,230,True,9,9,1294,1252,ETH IP UDP QUIC,Initial,TLS Server Hello,NEW_TOKEN,long
2021-11-18 07:02:58.418572,1637218978.418572,dilithium2,10,corrupt,40%,231,True,9,9,1294,1252,ETH IP UDP QUIC,Handshake,,,long
2021-11-18 07:02:58.418814,1637218978.418814,dilithium2,10,corrupt,40%,232,True,9,9,1242,1200,ETH IP UDP QUIC,Initial,ACK,ACK,long
2021-11-18 07:02:58.419040,1637218978.41904,dilithium2,10,corrupt,40%,233,True,9,9,89,47,ETH IP UDP QUIC,Handshake,,,long
2021-11-18 07:02:58.419566,1637218978.419566,dilithium2,10,corrupt,40%,234,True,9,9,1294,1252,ETH IP UDP QUIC,Handshake,,,long
2021-11-18 07:02:58.419875,1637218978.419875,dilithium2,10,corrupt,40%,235,True,9,9,1294,1252,ETH IP UDP QUIC,Handshake,,,long
2021-11-18 07:02:58.419875,1637218978.419875,dilithium2,10,corrupt,40%,236,True,9,9,1294,1252,ETH IP UDP QUIC,Handshake,,,long
2021-11-18 07:02:58.419862,1637218978.419862,dilithium2,10,corrupt,40%,237,True,9,9,89,47,ETH IP UDP QUIC,Handshake,,,long
2021-11-18 07:02:58.420302,1637218978.420302,dilithium2,10,corrupt,40%,238,True,9,9,1294,1252,ETH IP UDP QUIC,Handshake,,,long
2021-11-18 07:02:58.420296,1637218978.420296,dilithium2,10,corrupt,40%,239,True,9,9,89,47,ETH IP UDP QUIC,Handshake,,,long
2021-11-18 07:02:58.420517,1637218978.420517,dilithium2,10,corrupt,40%,240,True,9,9,610,521 47,ETH IP UDP QUIC QUIC,Handshake Handshake,,,long long
2021-11-18 07:02:58.420536,1637218978.420536,dilithium2,10,corrupt,40%,241,True,9,9,89,47,ETH IP UDP QUIC,Handshake,,,long
2021-11-18 07:02:58.421028,1637218978.421028,dilithium2,10,corrupt,40%,242,True,9,9,91,49,ETH IP UDP QUIC,Handshake,,,long
2021-11-18 07:02:58.421100,1637218978.4211,dilithium2,10,corrupt,40%,243,False,9,9,378,89 247,ETH IP UDP QUIC QUIC,Handshake,,,long short
2021-11-18 07:02:58.421752,1637218978.421752,dilithium2,10,corrupt,40%,244,False,9,9,581,539,ETH IP UDP QUIC,,,,short
2021-11-18 07:02:58.422033,1637218978.422033,dilithium2,10,corrupt,40%,245,False,9,9,217,49 126,ETH IP UDP QUIC QUIC,Handshake,,,long short
2021-11-18 07:02:58.422243,1637218978.422243,dilithium2,10,corrupt,40%,246,False,9,9,83,41,ETH IP UDP QUIC,,,,short
2021-11-18 07:02:58.422295,1637218978.422295,dilithium2,10,corrupt,40%,247,False,9,9,72,30,ETH IP UDP QUIC,,,,short
2021-11-18 07:02:58.807103,1637218978.807103,dilithium2,10,corrupt,40%,248,False,9,6,79,37,ETH IP UDP QUIC,,,,short
2021-11-18 07:02:58.807407,1637218978.807407,dilithium2,10,corrupt,40%,249,False,9,6,119,77,ETH IP UDP QUIC,,,,short
2021-11-18 07:02:58.807991,1637218978.807991,dilithium2,10,corrupt,40%,250,False,9,6,97,55,ETH IP UDP QUIC,,,,short
2021-11-18 07:02:59.178067,1637218979.178067,dilithium2,10,corrupt,40%,251,False,9,5,77,35,ETH IP UDP QUIC,,,,short
2021-11-18 07:02:59.178384,1637218979.178384,dilithium2,10,corrupt,40%,252,False,9,5,97,55,ETH IP UDP QUIC,,,,short
2021-11-18 07:02:59.182630,1637218979.18263,dilithium2,10,corrupt,40%,253,False,9,5,125,83,ETH IP UDP QUIC,,,,short
2021-11-18 07:02:59.469250,1637218979.46925,dilithium2,10,corrupt,40%,256,True,10,10,1242,1200,ETH IP UDP QUIC,Initial,TLS Client Hello,NEW_TOKEN,long
2021-11-18 07:02:59.471657,1637218979.471657,dilithium2,10,corrupt,40%,257,True,10,10,1294,1252,ETH IP UDP QUIC,Initial,TLS Server Hello,NEW_TOKEN,long
2021-11-18 07:02:59.471993,1637218979.471993,dilithium2,10,corrupt,40%,258,True,10,10,1294,1252,ETH IP UDP QUIC,Handshake,,,long
2021-11-18 07:02:59.472236,1637218979.472236,dilithium2,10,corrupt,40%,259,True,10,10,1242,1200,ETH IP UDP QUIC,Initial,ACK,ACK,long
2021-11-18 07:02:59.472486,1637218979.472486,dilithium2,10,corrupt,40%,260,True,10,10,89,47,ETH IP UDP QUIC,Handshake,,,long
2021-11-18 07:02:59.474207,1637218979.474207,dilithium2,10,corrupt,40%,261,True,10,10,1294,1252,ETH IP UDP QUIC,Handshake,,,long
2021-11-18 07:02:59.474209,1637218979.474209,dilithium2,10,corrupt,40%,262,True,10,10,1294,1252,ETH IP UDP QUIC,Handshake,,,long
2021-11-18 07:02:59.474209,1637218979.474209,dilithium2,10,corrupt,40%,263,True,10,10,1294,1252,ETH IP UDP QUIC,Handshake,,,long
2021-11-18 07:02:59.474210,1637218979.47421,dilithium2,10,corrupt,40%,264,True,10,10,1294,1252,ETH IP UDP QUIC,Handshake,,,long
2021-11-18 07:02:59.474210,1637218979.47421,dilithium2,10,corrupt,40%,265,True,10,10,664,525 49 48,ETH IP UDP QUIC QUIC QUIC,Handshake Initial Initial,ACK ACK,ACK ACK,long long long
2021-11-18 07:02:59.475269,1637218979.475269,dilithium2,10,corrupt,40%,266,False,10,10,375,86 247,ETH IP UDP QUIC QUIC,Handshake,,,long short
2021-11-18 07:02:59.483566,1637218979.483566,dilithium2,10,corrupt,40%,267,True,10,10,1294,1252,ETH IP UDP QUIC,Handshake,,,long
2021-11-18 07:02:59.483726,1637218979.483726,dilithium2,10,corrupt,40%,268,True,10,10,91,49,ETH IP UDP QUIC,Handshake,,,long
2021-11-18 07:02:59.483794,1637218979.483794,dilithium2,10,corrupt,40%,269,True,10,10,1294,1252,ETH IP UDP QUIC,Handshake,,,long
2021-11-18 07:02:59.483803,1637218979.483803,dilithium2,10,corrupt,40%,270,True,10,10,91,49,ETH IP UDP QUIC,Handshake,,,long
2021-11-18 07:02:59.485559,1637218979.485559,dilithium2,10,corrupt,40%,271,True,10,10,1294,1252,ETH IP UDP QUIC,Handshake,,,long
2021-11-18 07:02:59.485560,1637218979.48556,dilithium2,10,corrupt,40%,272,True,10,10,1294,1252,ETH IP UDP QUIC,Handshake,,,long
2021-11-18 07:02:59.485560,1637218979.48556,dilithium2,10,corrupt,40%,273,True,10,10,1294,1252,ETH IP UDP QUIC,Handshake,,,long
2021-11-18 07:02:59.485560,1637218979.48556,dilithium2,10,corrupt,40%,274,True,10,10,567,525,ETH IP UDP QUIC,Handshake,,,long
2021-11-18 07:02:59.485560,1637218979.48556,dilithium2,10,corrupt,40%,275,True,10,10,89,47,ETH IP UDP QUIC,Handshake,,,long
2021-11-18 07:02:59.485696,1637218979.485696,dilithium2,10,corrupt,40%,276,False,10,10,418,48 81 247,ETH IP UDP QUIC QUIC QUIC,Handshake Handshake,,,long long short
2021-11-18 07:02:59.493160,1637218979.49316,dilithium2,10,corrupt,40%,277,False,10,10,77,35,ETH IP UDP QUIC,,,,short
2021-11-18 07:02:59.493217,1637218979.493217,dilithium2,10,corrupt,40%,278,False,10,10,289,247,ETH IP UDP QUIC,,,,short
2021-11-18 07:02:59.493721,1637218979.493721,dilithium2,10,corrupt,40%,279,True,10,10,1294,1252,ETH IP UDP QUIC,Handshake,,,long
2021-11-18 07:02:59.493839,1637218979.493839,dilithium2,10,corrupt,40%,280,True,10,10,90,48,ETH IP UDP QUIC,Handshake,,,long
2021-11-18 07:02:59.494011,1637218979.494011,dilithium2,10,corrupt,40%,281,True,10,10,1294,1252,ETH IP UDP QUIC,Handshake,,,long
2021-11-18 07:02:59.494702,1637218979.494702,dilithium2,10,corrupt,40%,283,True,10,10,1294,1252,ETH IP UDP QUIC,Handshake,,,long
2021-11-18 07:02:59.494949,1637218979.494949,dilithium2,10,corrupt,40%,285,True,10,10,567,525,ETH IP UDP QUIC,Handshake,,,long
2021-11-18 07:02:59.494950,1637218979.49495,dilithium2,10,corrupt,40%,286,True,10,10,91,49,ETH IP UDP QUIC,Handshake,,,long
2021-11-18 07:02:59.495045,1637218979.495045,dilithium2,10,corrupt,40%,287,True,10,10,171,48 81,ETH IP UDP QUIC QUIC,Handshake Handshake,,,long long
2021-11-18 07:02:59.505888,1637218979.505888,dilithium2,10,corrupt,40%,288,False,10,10,370,81 247,ETH IP UDP QUIC QUIC,Handshake,,,long short
2021-11-18 07:02:59.506487,1637218979.506487,dilithium2,10,corrupt,40%,289,True,10,10,1294,1252,ETH IP UDP QUIC,Handshake,,,long
2021-11-18 07:02:59.506684,1637218979.506684,dilithium2,10,corrupt,40%,290,True,10,,90,,ETH IP,,,,
2021-11-18 07:02:59.506840,1637218979.50684,dilithium2,10,corrupt,40%,291,True,10,10,1294,1252,ETH IP UDP QUIC,Handshake,,,long
2021-11-18 07:02:59.506841,1637218979.506841,dilithium2,10,corrupt,40%,292,True,10,10,567,525,ETH IP UDP QUIC,Handshake,,,long
2021-11-18 07:02:59.506959,1637218979.506959,dilithium2,10,corrupt,40%,293,True,10,10,90,48,ETH IP UDP QUIC,Handshake,,,long
2021-11-18 07:02:59.507509,1637218979.507509,dilithium2,10,corrupt,40%,294,True,10,10,93,51,ETH IP UDP QUIC,Handshake,,,long
2021-11-18 07:02:59.507631,1637218979.507631,dilithium2,10,corrupt,40%,295,True,10,10,171,48 81,ETH IP UDP QUIC QUIC,Handshake Handshake,,,long long
2021-11-18 07:02:59.520528,1637218979.520528,dilithium2,10,corrupt,40%,296,True,10,10,123,81,ETH IP UDP QUIC,Handshake,,,long
2021-11-18 07:02:59.533470,1637218979.53347,dilithium2,10,corrupt,40%,297,True,10,10,123,81,ETH IP UDP QUIC,Handshake,,,long
2021-11-18 07:02:59.706506,1637218979.706506,dilithium2,10,corrupt,40%,298,False,10,10,77,35,ETH IP UDP QUIC,,,,short
2021-11-18 07:02:59.706557,1637218979.706557,dilithium2,10,corrupt,40%,299,False,10,10,289,247,ETH IP UDP QUIC,,,,short
2021-11-18 07:02:59.733917,1637218979.733917,dilithium2,10,corrupt,40%,300,True,10,10,174,51 81,ETH IP UDP QUIC QUIC,Handshake Handshake,,,long long
2021-11-18 07:02:59.734549,1637218979.734549,dilithium2,10,corrupt,40%,301,False,10,10,581,539,ETH IP UDP QUIC,,,,short
2021-11-18 07:02:59.734814,1637218979.734814,dilithium2,10,corrupt,40%,302,False,10,10,166,53 71,ETH IP UDP QUIC QUIC,Handshake,,,long short
2021-11-18 07:02:59.734908,1637218979.734908,dilithium2,10,corrupt,40%,303,False,10,10,82,40,ETH IP UDP QUIC,,,,short
2021-11-18 07:02:59.739083,1637218979.739083,dilithium2,10,corrupt,40%,304,False,10,10,75,33,ETH IP UDP QUIC,,,,short
2021-11-18 07:02:59.739260,1637218979.73926,dilithium2,10,corrupt,40%,305,False,10,10,77,35,ETH IP UDP QUIC,,,,short
2021-11-18 07:02:59.739326,1637218979.739326,dilithium2,10,corrupt,40%,306,False,10,10,289,247,ETH IP UDP QUIC,,,,short
2021-11-18 07:02:59.743892,1637218979.743892,dilithium2,10,corrupt,40%,307,False,10,10,75,33,ETH IP UDP QUIC,,,,short
2021-11-18 07:02:59.776388,1637218979.776388,dilithium2,10,corrupt,40%,308,False,10,10,1514,1472,ETH IP UDP QUIC,,,,short
2021-11-18 07:02:59.776724,1637218979.776724,dilithium2,10,corrupt,40%,309,False,10,10,289,247,ETH IP UDP QUIC,,,,short
2021-11-18 07:02:59.805060,1637218979.80506,dilithium2,10,corrupt,40%,310,False,10,10,289,247,ETH IP UDP QUIC,,,,short
2021-11-18 07:03:00.006043,1637218980.006043,dilithium2,10,corrupt,40%,311,False,10,10,289,247,ETH IP UDP QUIC,,,,short
2021-11-18 07:03:00.007571,1637218980.007571,dilithium2,10,corrupt,40%,312,False,10,10,126,84,ETH IP UDP QUIC,,,,short
2021-11-18 07:03:00.007909,1637218980.007909,dilithium2,10,corrupt,40%,313,False,10,10,74,32,ETH IP UDP QUIC,,,,short
2021-11-18 07:03:00.007980,1637218980.00798,dilithium2,10,corrupt,40%,314,False,10,10,72,30,ETH IP UDP QUIC,,,,short
2021-11-18 07:03:00.021930,1637218980.02193,dilithium2,10,corrupt,40%,315,False,10,10,77,35,ETH IP UDP QUIC,,,,short
2021-11-18 07:03:00.022487,1637218980.022487,dilithium2,10,corrupt,40%,316,False,10,10,1514,1472,ETH IP UDP QUIC,,,,short
2021-11-18 07:03:00.022664,1637218980.022664,dilithium2,10,corrupt,40%,317,False,10,10,119,77,ETH IP UDP QUIC,,,,short
2021-11-18 07:03:00.038835,1637218980.038835,dilithium2,10,corrupt,40%,318,False,10,10,119,77,ETH IP UDP QUIC,,,,short
2021-11-18 07:03:00.239819,1637218980.239819,dilithium2,10,corrupt,40%,319,False,10,10,79,37,ETH IP UDP QUIC,,,,short
2021-11-18 07:03:00.240046,1637218980.240046,dilithium2,10,corrupt,40%,320,False,10,10,119,77,ETH IP UDP QUIC,,,,short
2021-11-18 07:03:00.643826,1637218980.643826,dilithium2,10,corrupt,40%,321,False,10,10,79,37,ETH IP UDP QUIC,,,,short
2021-11-18 07:03:00.644034,1637218980.644034,dilithium2,10,corrupt,40%,322,False,10,10,119,77,ETH IP UDP QUIC,,,,short
2021-11-18 07:03:01.023586,1637218981.023586,dilithium2,10,corrupt,40%,323,False,10,10,1514,1472,ETH IP UDP QUIC,,,,short
2021-11-18 07:03:01.447963,1637218981.447963,dilithium2,10,corrupt,40%,324,False,10,10,79,37,ETH IP UDP QUIC,,,,short
2021-11-18 07:03:01.448175,1637218981.448175,dilithium2,10,corrupt,40%,325,False,10,10,97,55,ETH IP UDP QUIC,,,,short
2021-11-18 07:03:01.736839,1637218981.736839,dilithium2,10,corrupt,40%,326,False,10,10,119,77,ETH IP UDP QUIC,,,,short
2021-11-18 07:03:03.049191,1637218983.049191,dilithium2,10,corrupt,40%,327,False,10,10,79,37,ETH IP UDP QUIC,,,,short
2021-11-18 07:03:03.049490,1637218983.04949,dilithium2,10,corrupt,40%,328,False,10,10,1514,1472,ETH IP UDP QUIC,,,,short
2021-11-18 07:03:03.052005,1637218983.052005,dilithium2,10,corrupt,40%,329,False,10,10,125,83,ETH IP UDP QUIC,,,,short
2021-11-18 07:03:06.254752,1637218986.254752,dilithium2,10,corrupt,40%,330,False,10,10,79,37,ETH IP UDP QUIC,,,,short
2021-11-18 07:03:06.255093,1637218986.255093,dilithium2,10,corrupt,40%,331,False,10,10,97,55,ETH IP UDP QUIC,,,,short
2021-11-18 07:03:06.255666,1637218986.255666,dilithium2,10,corrupt,40%,332,False,10,10,119,77,ETH IP UDP QUIC,,,,short
